0,1,2
-0.5201426495594548,10.79092827863652,4.7155214026615075
14.812573248108468,3.743846525788031,2.0996024040585164
-14.184390165983471,-5.836773669018089,1.5014114755698453
12.274780053267598,3.0594446467534007,0.40187531117600656
15.70982970611746,-1.932672541638856,5.021765394055112
2.583329736863095,10.852326374740656,2.4999695543445735
-0.9143850246975651,14.0242074086508,-27.24396826352118
-10.428388930398206,-11.804887892946581,2.241914749240529
-14.932283008367962,-17.491929131920365,-0.13377355250936843
-3.7201117242911295,13.60849692128348,6.429044636466177
-5.5437481739798,-17.342723512136843,2.2954604050278284
-3.5255108915550633,17.615377431637377,-15.096381617717675
1.6276785190404839,2.9916332830313457,12.834997500936383
14.658860520324453,2.20164850114544,-4.5897796482048925
-1.2354490403789156,11.877963912058465,8.625205653545297
-1.8262480097588634,9.841941728401483,1.8031873052992748
-5.94852565546687,-2.456995116120341,9.324891803250583
9.710196156293623,3.275999366058087,4.054736557813905
-0.3830161689638103,8.925964596317096,-6.905675028496865
4.896348890094691,0.6636025715268481,4.1881763440247095
-0.24061573664570432,17.391766439802964,-5.64976493738987
14.81039326785203,-6.789960997757635,-2.4872151650120706
-4.149216624409216,-8.289175799700795,16.320412258374922
13.174053181578264,-2.3266136494002843,8.43033997542921
11.458471609208347,-5.755147255691675,-4.510414953647853
-1.2530555675289008,14.281663525535324,-20.027454420046894
-10.41046731819355,-8.637291278342234,1.73555876584609
-0.08460972777954644,12.280135026079382,-14.097598508297024
-7.846013328280577,10.35997091124964,-0.7092974644302521
-9.036501180244658,-10.122099975057408,5.679019317899138
-15.901718685484722,-7.476467368630544,1.519925558947194
-0.6892148006922263,10.74514868697422,-3.931937556578014
-4.19876127157043,10.855984795013356,-0.9849436364230978
1.270584638611063,3.35693701858279,6.538371238377149
-16.235442123428943,-8.525579418857326,-11.232632677635195
-8.122531895653252,-3.1739181668447114,10.366460191893209
8.84848747816949,-6.7833716692199735,1.8309045969719553
8.290063384471463,-0.026469676772133927,0.4858687807123317
-11.371671419335486,-13.530261588198547,-0.8058526646103297
16.440716729459854,-15.102670668086763,-23.54943167942837
14.412062249244787,1.9227333811003187,6.377701395824623
-5.219556302109211,10.595787278825899,9.819149498238785
11.342241823667186,-0.8466434975612129,4.975554680326581
-2.218020299306517,19.43107288765032,-33.82677439936653
10.047152228917167,-5.161652184192997,-2.8449377577231734
8.598208484267655,-3.8371263200535957,6.671356680682126
-13.941778674749001,-18.562988430693608,-8.430781104918001
13.264233998049543,-10.921652530913658,-9.931803518363655
-3.098522200513634,11.601486460800938,8.904871736281414
2.0723921563014147,9.627431195306237,0.7714275709691404
-6.029694848541232,-7.497470728347684,-2.9292776301545107
-3.5180729308800847,14.099209868891675,-3.641441562997696
3.382644563388278,14.376659766726524,-9.222474759049344
6.900271626096396,4.0836217263217165,5.535826375978788
-11.590114507589888,-0.3249600339627632,1.425756236877237
19.825935982219377,-6.115793069426722,-11.453953166991734
-8.545065275071348,-10.63865587078459,5.517675918576866
-12.48345837444567,-9.353331480429716,0.2316452503780809
-17.566068257481316,-13.977798521614147,-19.3323945483676
-1.3042105518539728,13.467718367354303,-12.071928205742369
-11.447263884414642,-3.9368504937630764,8.350240589448639
16.944627785782643,-5.386918821572478,-11.608976288340287
27.054185106812632,-15.548095096522962,-23.702234661268932
-6.475937308325209,10.854127740460676,-1.879771934414094
-17.73378913035492,-5.080262973588857,8.288856285165899
17.251164612974247,-4.081342152646507,-3.9164930793378177
9.059191633104088,-10.611333935246924,5.338313470202622
-11.350149894160415,-7.151668860838953,6.252538609902871
-8.176573873395506,-3.3102916153733384,14.088973066153251
11.605978975327028,-3.2182761831706936,3.085647620487738
9.28269940801087,-4.3654009850814095,11.844315494501096
-8.1895996459204,10.730072148745025,-14.681074904309158
12.668255270829398,-12.713743603075537,0.2697199179444847
-13.07821716722521,11.223799996548502,0.6157670808012181
12.427997613902601,-5.0057295237094355,4.841711625270704
-6.483275379710437,-1.314818951193111,6.355221059494996
12.553129314939603,-11.846285074986048,6.830699988809713
-3.2154834206887077,-15.271538633108458,-9.774821705976773
-1.5048677703714914,14.25502972788979,-1.376156308505486
-13.081587245292178,8.949346365150282,-1.7320241460454235
-12.47095826838511,7.440086181610719,-3.9595753276131056
-3.208709283762946,13.833899064652014,-10.151879706336903
10.187351076682832,-10.333154630894803,-2.96548534373722
16.852131594769578,-10.059988889797541,-14.911555770848828
-15.125289057213068,0.8088073808426351,11.010907844214678
16.308375646188516,-1.2205846680632446,-1.873683703022188
-12.89497048190177,-2.4391530923793154,3.522862201936827
-10.80009146759676,-5.126941661844118,5.660954504558182
-0.9459675451663869,6.372319171255916,3.0539865381751596
9.335840932891607,-0.17484573509347795,10.248407132443997
-3.0010513987647416,17.046509628788076,-5.474975853618549
-11.515676624805185,-4.943206550602738,1.8239598393427654
-12.49090776507591,-8.677166949323398,1.617359766094871
-4.482905036611678,15.616870376333253,-2.3660401997004916
8.117800069003321,-1.926559029730189,7.593679728395436
-2.6504837246099098,17.56887539711928,-7.374341302808494
8.712413523615432,-5.285183326720776,-6.122349716977153
7.854680897304823,-0.8469552401783179,5.135467197102735
-1.5479614812852052,9.717631634404155,15.27425272609526
-4.31488448266304,12.528863638628941,8.582522314443784
1.8268401686609728,12.979092051440428,-1.8125036235407153
-5.647136545488458,10.954542242671302,0.07900975268144135
12.352144060550335,0.4028335889114561,10.790715489337023
-13.621490076080963,-8.945589461412668,8.271377074135708
20.791399967463622,-2.682619774704109,-16.24000767210645
9.955159796596906,3.3074795267535966,10.548831275950796
-16.024798673022786,-6.478013376613678,-3.987868601992243
17.091455950358,-3.834306411733662,5.324859351688057
6.675344113697292,-0.797697567399432,-1.6377077617141897
-11.62421007223984,-7.287037249827664,3.49978629262024
-14.287727617630246,-4.494281974592657,-0.7421419506135704
-4.137528283095291,-7.4548326918808,4.004591937227609
0.22408440835832427,14.128257067534287,-20.761586607462906
0.8451824558456663,16.753349317367523,-10.654399749215768
12.442464459888615,1.7660705448223721,-4.971667329142737
-6.01299524338741,-7.962695214783711,11.788228714023573
4.81847626601138,-1.0315528793166422,18.308432168718195
-9.904105758770108,-11.180214858445629,5.65825140691824
-3.266402500201139,14.197876363659603,3.8621337742865647
1.3412969336952287,11.785514658698695,13.057482194699965
-13.166981806805152,-9.915720339878785,-3.8041810698971767
14.214581527226391,2.933210708950716,-4.760010114533007
-6.635298078888512,-11.008852575747323,-4.055328005928639
-7.8986396695274435,-11.612194645173146,2.17005375403075
3.3552628255589525,14.83305291527367,-18.020172510293353
-13.455259279246667,-17.241975510127567,-16.69553710781827
-4.448317601173513,-10.54912136093577,10.718400660518178
11.772791618401078,-1.5135215051116204,11.605472302331597
16.050866198708924,-3.8081666006926995,3.1082145730355513
-11.152206223863699,-10.91968079989621,0.03006044296324329
-7.70777850310258,-10.936530094237163,1.7148835212856015
13.20154723357243,-3.4263222800589928,9.080008262068699
-15.888441681102877,-8.72236287960289,0.8107461463219127
10.978776758346427,-4.657756906452733,10.429609005958172
-4.012940520299451,11.75820224409215,-2.3735408035357812
16.10465118831467,-11.21323814028942,-1.496706877398233
20.785625738220887,-14.404632647844585,-5.822371623677607
2.1867317566898743,14.458662236099629,-1.1789260270771837
-5.20899451337949,-6.077552531714151,12.00987242986153
-7.327136299275464,13.164041608091662,1.1622083976494444
-8.433027187007978,-17.216656962402162,-9.072088688252371
-16.255479564572475,-1.9196223905337484,8.04824604410324
16.010913273604938,-6.865842955718176,0.6801993014786583
-15.656848897031699,-11.911255458694077,-11.954710283011572
-16.655688268822384,-16.452864965424244,-7.771479545056932
-11.292746766290511,15.708214891660743,-0.9095279976949093
-2.9132135668042523,19.446809408356927,-11.644243373242995
-13.855595684321244,-17.033195285824018,-5.9623411553328705
-13.171361914270587,12.658444633250488,-6.203484117228531
-13.149931112294555,11.897575716533405,-6.730544977883381
8.056878607959973,-1.336552499381484,7.285308616283016
16.9463987112214,-0.7746853955372203,1.9576899448484593
10.350224237479834,0.23721031337688683,2.058059934957106
-0.7731463337629603,15.487402502026697,0.18130588816476154
-6.95721461412685,12.57411967234974,-16.453121619677482
-11.817659785042583,-3.9558659765845325,12.615314150795676
-10.408604914821007,-11.858343558878872,-9.611090652678259
-0.43762194466611404,15.986200515923816,-0.7393057089441304
-3.5813566884086816,7.028707800181911,4.814281150525066
-15.351581983581314,-16.613028136018233,-19.841969691378406
13.968945470060588,1.651494303742577,-12.592017445080353
-3.354957620570305,11.076741720411087,-2.514483352271307
-8.48465787500305,14.741224605764303,-5.253783900777066
13.130136160838509,-1.1909207829108537,4.491975073592628
-15.07052771658434,-4.48993817913639,-0.375189212708363
15.798609653706928,-3.960245255618744,-1.624081281044041
-1.1261956840831624,18.149549186293733,-5.457190193468126
-12.174078293185225,-8.025349953600601,0.7808640065068856
-17.040246857041662,-6.06202584697054,2.4047936956116867
11.021624262920838,7.045195060341794,9.839990671720676
-10.553670869278086,-9.350795069145699,-6.411279112387454
11.796837334824223,0.8097253699673549,15.213656716986527
-0.8668543731815634,13.706041627396843,-3.397385291548573
-10.536368601722712,9.440868970981874,14.47885737161013
-6.177508375906964,9.498683702613256,14.24945768709204
7.532754783386722,-5.131933143549621,12.445041482271417
11.41015135316661,-7.85374340154945,1.6323512402982019
-13.875603558152525,-1.6213407274164087,11.819899852152489
10.674020717008192,-8.372004901909767,12.26866441109746
11.34118116738002,-16.861648017874955,1.2823742999519079
9.225932803776065,-6.350549899588481,0.6087990540164717
15.2157992080609,2.8628014547204432,2.4927916294156165
-4.458383658839192,14.539244644004246,4.083608669980321
-6.077219252582663,15.357388036449017,-3.8327567923985253
-9.744269270394623,-2.1231275183010054,5.026834722878052
10.110019981649806,-5.379742791556022,16.988215179102884
12.51650302364201,3.7615104742761813,12.84686103053724
-16.44993765009786,-9.890386334407651,-5.988146834672181
-5.852585180894608,11.86804572027096,22.861275257891133
-5.99747845639419,-5.385734575922682,5.599992690066987
14.535434161950143,-3.1367922387900826,-5.53146055414842
-12.737406464569084,-9.93425404872035,-6.930289460981384
17.860239624354183,-6.062916467478238,-8.035252920355397
10.454888090691218,-7.415700594469197,-1.397864853031093
-10.817068468021063,-6.237073845539966,-3.9214132124188446
1.291705340472267,17.297346366801676,7.96280647091805
-8.954467873428875,-15.557079302756453,-9.616063303579093
4.739787754793241,14.647732207215745,-7.578298739466975
-8.704297652905224,10.85963217251645,0.8150129704240439
10.710557579979271,0.2074421639500236,0.18698931960892448
5.611039392064842,-1.6197355830864553,-2.284650687673674
-15.215091609895536,-5.2459478496156535,4.296715637846994
-1.989346964808002,-3.452508315955576,9.491064336898923
18.644422022598462,-4.492270123591313,-9.144943203729122
-8.044295935074455,11.542874484720533,6.683977270478469
6.479472706486122,-7.995503062072014,4.876466195704383
-6.482401166430789,14.354721859440724,-18.701801457914925
-6.212922096422968,-12.275342736334045,3.7168160758281146
11.163600643058698,-7.102735081423543,4.520059120157418
-3.796062702281061,17.59422761643524,-0.6878309062604823
7.270309310800924,0.5788087942639935,16.616760494582252
15.55841791026096,3.0406206390712565,1.6709697118313174
-12.144632900710064,-7.237101805664091,-2.1120862380196734
-0.07048237050283075,14.82331614446268,4.512052753933508
10.021552017308636,-2.0695982123800407,-0.8370815013901848
-4.595079949414182,8.856693338409727,8.079778702075066
-4.502123510954245,8.510154957127725,-1.1679239901666723
14.300678102192103,-2.283304231512199,7.0507275966363085
-12.423374938260604,-3.2128208311105166,1.7262455213718808
-4.613067151941087,11.631275733762175,5.025031360382747
-8.455244119506414,9.709757984007835,9.127593180517298
8.858555938121901,-4.127505905917585,1.4376426483649134
14.855961446567104,-4.162428539030882,-0.7366840938852603
-6.865213537022374,8.289074346701234,-6.231776047237299
13.560857616726869,-6.067256635058525,-9.132072148501964
-2.93102121113599,12.662717791580624,6.079879048986121
-14.274925511270038,-9.922744054290057,4.7091898509238765
-9.876471389409506,-14.55976305454261,1.4329400395442726
-0.8021720309584828,12.350162066306323,-12.273110997846182
-11.855973088039747,-19.369604604930057,-21.97257326356927
11.963451836257898,-0.8684621831352353,9.101673643902982
-8.132743191596798,-3.6239902597341067,11.704803333997459
2.5217859924730512,15.830202968721359,-1.510140364528741
-7.618729194121024,-6.054017482836578,5.097363062035474
21.204449258162146,-5.298966840591984,-15.531842466723473
8.305327793533412,2.2838857119370686,14.810190434641306
14.748515124882841,-3.2217479297404865,-0.08706215511498026
-3.357855659927898,11.82163114634708,-6.776070647954596
1.829251205330005,17.98376363832015,-4.909746093090551
-2.9579918677921286,9.33476267154755,6.0484510268932965
13.93782742354145,7.952931371245917,12.809402865317159
-13.392110145512126,-6.8961537919358715,2.565748766958932
-3.222712039101409,17.130724782041877,-10.129529472673367
-22.050833224394555,-15.367535615260184,-15.832375392038868
20.82861247268344,0.4544049480963681,-10.012512087873237
18.556314287178985,-4.484578810890953,-3.3043341038942775
-12.838075240546273,-4.197385102507848,5.492428903903265
-7.735506732307156,-9.863605572979104,-5.020017103191868
16.71628498889814,-6.517872951229986,-11.226347580560994
-10.086275604374961,11.680906317559968,4.154117860037933
11.457587547802776,-10.783555131089887,-4.957614124606791
-4.299419194027826,9.65344108506637,0.649341722166271
-3.413374959759362,-11.70998745085317,5.1968288200661865
4.516425014984423,-2.4783411418439645,4.33153599216202
-3.43185855118714,-11.552095358296036,9.575014392833548
-8.27121560306604,-12.788832129040957,1.3404312218876728
-6.400432055430593,-10.440065006669732,-0.23704597664088564
-6.088645126191893,-8.320793245633942,12.667962326261211
-7.844638135841145,-9.227522953531556,1.2356487483864107
8.390858100256287,2.6335358988259325,6.086801324921147
-9.315916294485568,-7.972259678842209,-7.319912004329274
7.454198665650746,1.4966415439561833,12.341780918032228
-9.091729313920991,-14.194616339954289,-18.111360999886294
13.758169829057124,-5.606794421445033,-3.5153315326892085
18.64263634179121,-5.429896676353581,-1.4478556016151591
-7.325381328473186,-4.5577053466762205,7.414005201729194
-4.086428570176443,4.621592668606883,9.814756166316874
-5.521526010046134,14.164230671461796,0.8379047298500779
-1.8191588650224118,12.264993351787808,-13.868499056502687
-12.603404735844649,-4.295608270445444,-3.6368061049817375
-7.0493689430606254,9.312449594511742,19.675293758948925
-11.602350028020643,-3.9254904761209666,5.0968137054527185
-13.051498282446833,11.55759687947942,-1.48282730811827
-7.973522319712959,12.616924371052072,2.073054915791055
12.299981845173521,-5.730709690525508,-0.6450863411282245
-9.24445527773534,12.986513599150484,7.194340596476385
21.60534091858028,8.34062647078006,-2.719231479161976
-1.7700339849394462,17.327103771327145,2.2205176462681524
-0.14729402486943136,18.30787695643424,-7.330875142864622
-14.327913607683932,-17.45944882063598,-20.9612546536855
-14.778790655906374,-12.018594878820272,0.20034480441034383
-16.242255751070406,-19.854629191180738,-12.998238220133087
-0.7016374769779171,16.427927158476013,-11.7555599306773
-1.0142333955984422,13.962916881995097,5.87044012387268
19.014456291215147,-6.855988158982462,-1.3628434400613516
-8.48491000788146,-15.196893355101137,-3.2528954724203043
-8.654091944944877,-15.06924395575799,12.371416247462879
19.298729407577262,-6.0414838014583845,-1.5847928461823542
10.451533718598318,0.21666605071739006,8.403231529847444
11.810623026748726,-1.3119749708827897,-2.0957080149930523
0.7906773949054983,11.671243071325664,0.8285908151569653
18.758908382626696,-4.13376930906514,-9.23267399816346
14.070672978455585,-2.2577443454314445,1.7796454924689022
11.316892818121394,-3.0495801945430334,8.366597960627125
12.905348322499867,-12.591416151617668,-8.373583097793285
17.69008131840246,-7.374054228815042,-9.947833089037122
8.681057809674627,0.619592480299719,9.445780516615434
-12.777206586484697,-3.4842104075518767,4.0514092513728786
14.752182695070623,-10.639837947342858,-1.0268522981611106
-13.472749616512141,15.486718217597405,-15.458234138554149
