0,1
-0.6768982,13.531176
17.459093,0.1989557
-22.018301,-9.6216755
18.086464,-0.38952723
15.316542,-2.2868934
0.02437632,15.724716
-4.6113286,24.916822
-20.802046,-13.009405
-21.985134,-15.417969
-1.9461406,12.98035
-19.659435,-14.870189
-4.2747984,22.874882
8.630819,0.8609789
20.27831,-0.7970356
-1.2537572,12.179632
-1.5688435,15.228057
-16.468657,-9.176504
15.059279,0.68091536
-4.162238,19.84493
13.9326725,0.9677958
-1.841805,20.450583
20.770037,-4.635006
-14.859904,-10.384562
13.126452,-2.322299
20.215233,-5.369844
-4.3478756,24.124023
-21.01282,-11.911166
-3.3629255,23.459793
-4.9927645,15.700675
-18.964798,-12.115686
-22.380842,-10.06707
-3.093597,18.844643
-3.6427424,16.435919
8.882622,2.6454031
-26.484165,-13.656549
-16.65412,-8.640323
17.188362,-5.1648855
17.896763,-1.9637481
-21.888498,-14.117744
24.806374,-7.5788198
15.3467045,-0.6276187
-2.0554533,11.203735
14.649919,-1.3565465
-4.8452597,25.20887
19.259033,-5.012925
13.4812,-1.3092657
-26.0255,-15.54271
22.582409,-6.9354506
-1.6494371,11.828117
0.055771988,16.140728
-23.12177,-13.725633
-3.2539115,18.345165
-1.7096477,22.266996
13.20084,1.2971017
-21.314589,-7.62342
24.335606,-5.8205767
-18.906185,-12.506905
-22.117207,-11.7935295
-27.958841,-15.356643
-3.4742298,22.718088
-18.256365,-8.274575
24.005077,-5.8323784
25.111,-7.4925785
-4.6779637,16.4128
-19.446959,-6.8983684
21.906351,-4.1021986
16.18648,-6.21413
-19.36198,-9.882843
-15.859315,-8.323576
16.304893,-3.293597
11.138988,-2.5090413
-5.375366,22.881624
18.889324,-7.285365
-6.5255404,15.060707
15.442422,-3.8092232
-17.381792,-9.10832
16.201225,-6.7163973
-24.448881,-16.075335
-1.932593,17.906343
-7.0002317,15.77697
-7.1576433,16.220978
-3.8665385,21.86883
19.497507,-6.4647846
24.069117,-6.9382463
-18.009727,-6.7240057
20.629354,-2.3451383
-20.634172,-8.066122
-19.203733,-9.1709
0.49218884,12.99675
11.649001,-0.7832892
-2.6179128,20.032871
-21.166483,-9.347666
-21.562548,-11.232637
-3.007995,17.901852
13.0667305,-0.75963056
-2.7449708,20.895254
19.987535,-5.6054416
13.831161,-0.16196248
-1.4519273,9.785554
-2.0993145,12.01762
-0.6037055,17.947872
-4.1036158,15.7113905
11.432014,-1.1028014
-19.424166,-10.371931
25.152122,-5.6777515
11.249043,0.16389525
-24.733467,-11.274909
15.180343,-2.8261223
18.060068,-2.7172048
-20.618284,-10.286248
-23.31497,-9.819456
-17.653648,-11.702884
-4.1165347,24.398518
-2.4252188,22.280226
20.087687,-0.9821454
-15.688881,-10.408014
9.043278,-1.131605
-19.246292,-12.277148
-2.014477,14.101008
-1.0107057,10.127064
-24.457079,-12.626933
20.187462,-0.6659909
-23.36699,-14.366236
-19.919813,-13.536577
-3.4403777,24.297152
-27.263252,-15.876374
-15.710094,-11.262129
11.402402,-1.6839604
16.076921,-2.633011
-21.717503,-12.884617
-20.115843,-13.424977
12.754208,-2.628433
-22.58977,-10.619578
11.844921,-2.6526942
-3.7659447,17.231133
20.077646,-7.330079
21.964233,-7.929275
-0.6267449,18.136147
-15.633638,-9.802018
-4.3726354,14.821361
-25.137821,-15.900825
-18.91019,-6.9568844
20.283997,-4.023856
-26.701904,-14.337515
-26.201857,-15.013858
-6.034426,15.438073
-3.2574346,21.925013
-25.660904,-15.262249
-6.885547,16.92079
-6.946029,16.96768
13.1080675,-0.48640296
16.640139,-1.2806381
17.376518,-1.3527274
-1.3364713,17.320757
-5.1254573,23.189135
-16.961473,-7.6222095
-25.24572,-14.514674
-1.3696492,17.8674
-0.11699816,12.270406
-27.864677,-15.777269
24.623857,-3.9950724
-3.6440887,17.263681
-5.3347244,18.105593
15.32458,-1.7489511
-23.087402,-9.47847
20.768599,-3.4350622
-2.0328352,20.33679
-21.916832,-11.209777
-22.380323,-9.100218
11.190561,1.1140974
-24.645994,-13.558805
10.25398,-1.029211
-2.154219,18.693707
-2.8076804,9.868327
-2.2057192,10.018572
10.7330675,-2.7122972
17.670774,-5.626535
-17.676138,-7.077469
11.186121,-3.4460797
18.30882,-7.613834
17.789694,-5.0083065
17.184696,0.024556309
-2.4711356,13.915963
-4.261279,18.238379
-18.835342,-8.582142
9.958397,-2.4148283
10.660539,0.34380642
-25.668444,-12.77537
-2.2287583,8.945582
-17.484411,-10.317562
21.843689,-4.753144
-25.252338,-13.418151
23.246185,-5.3356233
18.804758,-5.551288
-24.110569,-12.083007
-0.101194784,14.122952
-25.131783,-15.637718
-1.2187818,21.835203
-5.116152,14.953652
18.147705,-1.5368905
18.065985,-3.0736406
-20.988644,-8.899222
-15.488994,-9.294138
23.81397,-5.165614
-3.2712967,12.200679
15.865702,-5.6710353
-5.0478926,23.61668
-19.043364,-13.552152
16.15525,-5.012858
-2.2445621,17.322924
9.448416,-0.89408064
17.613451,0.12348881
-23.54467,-11.590977
-0.88660496,14.466605
18.491848,-2.5991743
-1.3114319,11.430226
-4.035174,16.346674
14.080382,-2.479678
-21.469868,-8.434542
-2.3592541,13.060867
-2.9111753,11.187402
17.395914,-4.1469
20.169374,-3.4893906
-5.6216283,17.49221
22.738396,-5.9641757
-1.5972072,13.053945
-20.497917,-10.877108
-20.919142,-14.49705
-3.2429812,23.043505
-27.818033,-16.423544
12.307323,-1.5683888
-16.248066,-8.574783
-0.7222589,18.661034
-18.022703,-10.356174
24.95749,-6.1314287
9.832444,-0.36544165
19.834076,-3.0890784
-3.982129,19.527996
-1.2241274,20.35137
-0.8308214,12.405942
10.738789,1.152711
-21.431776,-10.091627
-3.2485933,21.664564
-27.787346,-14.869219
24.71185,-4.6659217
22.182726,-3.751772
-19.831078,-8.471203
-23.817457,-14.06119
23.721754,-6.1569686
-4.604938,13.39013
20.639732,-6.724287
-3.3489804,15.748996
-17.747692,-13.004807
14.145496,0.4561257
-16.032293,-11.642083
-20.411348,-14.011422
-20.9609,-13.789933
-15.46132,-10.495524
-20.383242,-12.943176
13.113612,0.73569995
-24.508518,-13.678352
10.4337015,-0.3585598
-27.100767,-16.493294
20.763865,-4.8328395
21.563356,-3.3914702
-17.305412,-9.587548
-0.39670503,10.764776
-3.5477452,15.074586
-3.8382037,23.18594
-24.161879,-10.941485
-2.3120947,9.164256
-19.64956,-8.661518
-6.633885,15.719905
-4.528594,14.396719
19.079914,-4.5664616
-3.661103,12.181163
19.447748,0.6313523
-1.5412468,16.33655
-2.0851746,21.127811
-27.92579,-16.05057
-22.425377,-12.44072
-26.933706,-15.465703
-2.9167752,22.485067
-1.1850106,13.704503
21.785496,-3.4027321
-22.95084,-15.129975
-15.629262,-12.178814
21.956116,-3.260081
12.369723,-0.7718987
19.184818,-2.1713905
-0.441125,16.43694
23.90536,-5.0980644
16.751945,-2.3498285
12.737128,-2.0366843
21.960083,-7.0617986
23.51585,-6.0815263
11.969661,-0.28878817
-20.396152,-8.462437
19.736645,-7.11311
-5.972216,22.64367
